Name,Part family,Type,Design,Order,V&V,Notes,Design Intend,Material,Product name,Supplier Order,Interface with,Link,Supplier,Amount,Cost,Total cost,ID,Count (Interface with)
Left and Right Side Box,Box,Custom,Done,Recieved,Slight modifications,Holes along top bend are off which makes the side bow outwards in a v-shape. They were drilled by hand and should be fixed by being laser cut the next time,,Stainless steel,,,"Print Platform,Top Side,Front Side Box,Back Box",,,2,,DKK0.00,1,4
Front Door,Box,Custom,Done,Recieved,Slight modifications,Holes were without threads. Drawings are correct. Could be stiffer,Door with window for viewing the process. Has rubber seal and air tight handle,Aluminium,,,Front Side Box,,DTU,1,DKK100.00,DKK100.00,3,1
Back Box,Box,Custom,Done,Recieved,Good,,Almost identical to the front side box. holds the door without a window and the proximity sensor,Stainless steel,,,"Left and Right Side Box,Print Platform,Top Side",,DTU,1,,DKK0.00,4,3
Print Platform,Box,Custom,Done,Recieved,Good,,"The print platform is a crucial component which bridge the z-axis subsystem, recoater subsystem - and the powder handling system via the recoater. The shielding-gas cross flow also emerge from the platform. The alignment and perpendicularity of the z-axis is controlled by the platform - the fit in the hole should be a nice transistion or clearance fit with little to no play. The top surface should be flat and with low roughness. ",Aluminium,,,,,DTU,1,,DKK0.00,5,0
Top Side,Box,Custom,Done,Recieved,Good,,,Stainless steel,,,"Front Side Box,Back Box,Left and Right Side Box",,DTU,1,,DKK0.00,6,3
Front Side Box,Box,Custom,Done,Recieved,Slight modifications,"Good, but not stiff enough towards the top when closing the door with the seals",The front side help form the box and hold the front door. The front side should there have thickness to accomodate blind threaded holes with appropriate size.,Stainless steel,,,"Left and Right Side Box,Print Platform,Top Side,Front Door",,DTU,1,,DKK0.00,7,4
Window Frame,Box,Custom,Done,Recieved,Good,,,Aluminium,,,,,,1,,DKK0.00,263,0
Back Door,Box,Custom,Done,Recieved,Slight modifications,Holes were without threads. Drawings are correct. Could be stiffer,Back door without window and rubber seal and air tight handle,Aluminium,,,,,DTU,1,DKK100.00,DKK100.00,277,0
Front door hinge,Box,Standard,Done,Recieved,Good,Seems rigid enough,,Steel,HHPSNL6,HHPSNL6,"Front Door,Front Side Box",https://uk.misumi-ec.com/vona2/detail/110302362350/?HissuCode=HHPSNL6,Misumi,4,DKK52.00,DKK208.00,9,2
Front door latch,Box,Standard,Done,Recieved,Good,It seems like it has enough closing force,manual quick release latch locks shut the doors tight up against the seals,Steel,FA-624-2-L,FA-624-2-L,"Front Door,Front Side Box",https://uk.misumi-ec.com/vona2/detail/221004913013/?HissuCode=FA-624-2-L,Misumi,2,DKK225.00,DKK450.00,10,2
2020 internal profile,Box,Standard,Done,Recieved,Good,,"2m long 2020 profiles for simple fixturing and lighting inside the enclosure.

4x 523
2x 729
2x 764
",Aluminium,850-8470,850-8470,,https://dk.rs-online.com/web/p/slanger-og-profilstivere/8508470/,RS components,3,DKK130.00,DKK390.00,130,0
2020 angle bracket,Box,Standard,Done,Recieved,Good,,,Aluminium,180-9136,180-9136,,https://dk.rs-online.com/web/p/forbindelseskomponenter/1809136/,RS components,4,DKK54.00,DKK216.00,131,0
M5 Nut for 2020 (not 5mm),Box,Standard,Done,Recieved,Good,,,Steel,180-9104,180-9104,,https://dk.rs-online.com/web/p/forbindelseskomponenter/1809104/,RS components,4,DKK79.00,DKK316.00,132,0
Silicone gun,Box,Standard,Done,Recieved,Good,,,,174-791,174-791,,https://dk.rs-online.com/web/p/dispenserpistoler/0174791,RS components,1,DKK53.00,DKK53.00,139,0
Silicone,Box,Standard,Done,Recieved,Good,,,,DOW DOWSIL 7091 ,2756048,,https://www.diatom.dk/kemi/lim/silikonelim/dow-dowsil-7091-silikonelim-og-taetning-graa/,Diatom,3,DKK140.00,DKK420.00,140,0
M8 8mm Not T-nut,Box,Standard,Done,Recieved,Good,,,,224-7637,224-7637,,https://dk.rs-online.com/web/p/forbindelseskomponenter/2247637/,RS components,6,DKK45.00,DKK270.00,160,0
2040 External alu profile,Box,Standard,Done,Recieved,Good,,,,850-8482,850-8482,,https://dk.rs-online.com/web/p/slanger-og-profilstivere/8508482/,RS components,1,DKK119.00,DKK119.00,161,0
Handles for backplate,Box,Standard,Done,Recieved,Good,,,Polymer,267-1519,267-1519,,https://dk.rs-online.com/web/p/skuffegreb-skabshandtag/2671519,RS components,2,DKK14.00,DKK28.00,162,0
M4 2020 nut for 5mm not,Box,Standard,Done,Recieved,Good,,,,180-9103,180-9103,,https://dk.rs-online.com/web/p/forbindelseskomponenter/1809103/,RS components,2,DKK79.00,DKK158.00,189,0
M8x12 Button head screws,Box,Standard,Done,Recieved,Good,,,,0281338,0281338,,https://dk.rs-online.com/web/p/skruer-med-indvendig-6-kant/0281338,RS components,1,DKK76.00,DKK76.00,190,0
M5x8 Button head screws,Box,Standard,Done,Recieved,Good,,,,822-9114,822-9114,,https://dk.rs-online.com/web/p/products/8229114/,RS components,1,DKK35.00,DKK35.00,191,0
Rubber seal for doors,Box,Standard,Done,Recieved,Good,,6m of rubber seal lip for both doors,Elastomer,TRSAT3.2-X-L6,TRSAT3.2-X-L6,,https://uk.misumi-ec.com/vona2/detail/110300286760/?HissuCode=TRSAT3.2-X-L6,Misumi,1,DKK435.00,DKK435.00,278,0
Laser safety window,Box,Standard,Done,Recieved,Good,,A4 sized safety window,Polymer,,,,,Masentia,,,DKK0.00,279,0
Recoater Blade,Recoater,Custom,Done,Recieved,Good,,1mm thin waterjet cut silicone sheet for recoating,Silicone,SiliconeWiper270mm_1mm,,,,DTU,2,,DKK0.00,14,0
Recoater head,Recoater,Custom,Done,Recieved,Good,,Adjustable recoater head that mounts to recoater arm,Aluminium,,,,,DTU,1,,DKK0.00,15,0
Recoater Clamp,Recoater,Custom,Done,Recieved,Good,,Clamp to hold silicone wiper,Aluminium,,,,,DTU,1,,DKK0.00,16,0
Recoater Arm,Recoater,Custom,Done,Recieved,Good,,"The arm should be very stiff and safe travel back and forth, going free of the gas flow ducting.
Simple rotational (axis normal to travel) and vertical translational degrees of freedom. One clamping connection point in one side could work",Aluminium,,,,,DTU,1,,DKK0.00,17,0
Recoater stage plate,Recoater,Custom,Done,Recieved,Good,,Plate that mounts to linear bearings. Must be flat and stiff,Aluminium,,,,,DTU,1,,DKK0.00,18,0
Recoater mount block,Recoater,Custom,Done,Recieved,Good,,Threaded block that connect stage plate and arm,Aluminium,,,,,DTU,1,,DKK0.00,20,0
Recoater Arm Guard,Recoater,Custom,Done,Recieved,Major modifications,The powder canister side wall brackets bow outwards and interfere with the shield. Must either be cut in half or more tolerance / side clearance is needed between recoater and powder sub-systems,Thin sheet metal wall that protect powder from cross flow,Aluminium,,,,,DTU,1,,DKK0.00,147,0
Recoater Wall,Recoater,Custom,Done,Recieved,Major modifications,"End stop bracket mount holes had to be moved due to new limit switch. Could be fixed by making a new bracket instead.
The bends are not perfect and for sufficient alignment the support brackets must be used","Thicc sheet metal recoater mount wall that hold linear stage, end stop switch, cover etc",Stainless steel,,,,,DTU,1,,DKK0.00,148,0
Recoater Wall support,Recoater,Custom,Done,Recieved,Slight modifications,Bends are not perfectly square. Go down in sheet thickness of elongate bended piece. Perhaps tighter tolerances,Support to ensure adequate stiffness of the recoater subsystem,Stainless steel,,,,,DTU,2,,DKK0.00,149,0
Recoater End stop bracket,Recoater,Custom,Done,Recieved,Major modifications,New limit switch needed to be closer to the recoater arm. New holes were drilled in recoater wall. Bracket could be redesigned to give more freedom,Small bracket to hold end stop switch,Stainless steel,,,,,DTU,1,,DKK0.00,150,0
Recoater linear rod,Recoater,Standard,Done,Recieved,Good,,"Linear shaft, 20mm",Steel,SFU20-680,SFU20-680,,https://uk.misumi-ec.com/vona2/detail/110302634310/?CategorySpec=00000146753%3a%3aa%0900000146755%3a%3aa%0900000146752%3a%3aa%0900000004017%3a%3amig00000002330235%2c22%2c24,Misumi,2,DKK175.00,DKK350.00,19,0
Linear bushing shaft,Recoater,Standard,Done,Recieved,Good,,"Double linear bushing, 20mm",Steel,SMYC20LUU,,,https://uk.misumi-ec.com/vona2/detail/221005199661/?CategorySpec=00000424988%3a%3ac%0900000144089%3a%3aa%0900000004087%3a%3amig00000002014122%2cmig00000002014129,Misumi,2,DKK115.00,DKK230.00,21,0
Recoater stepper NEMA 23,Recoater,Standard,Done,Recieved,Good,Torque seem plenty,"NEMA 23 1.26Nm holding torque, 4 lead and 6.25mm shaft",Steel,23HE22-2804S ,,,https://www.omc-stepperonline.com/nema-23-stepper-motor/e-series-nema-23-stepper-motor-bipolar-1-8deg-4-8-nm-679-87oz-in-6-0a-86x86x80mm-4-wires.html?mfp=71-single-shaft-dual-shaft%5BSingle%20Shaft%5D%2C21-output-shaft-type%5BD-Cut%5D%2C22-shaft-diameter-mm%5B6.35%5D%2C23-shaft-length-mm%5B21%2C24%5D,OMC,1,DKK89.00,DKK89.00,22,0
Linear shaft support,Recoater,Standard,Done,Recieved,Good,Stiff and seem adjustable,Supports to hold recoater shafts,,SHAT2030,,,https://uk.misumi-ec.com/vona2/detail/110300013940/?CategorySpec=00000004063%3a%3amig00000002014723%2cmig00000002014724,Misumi,4,DKK81.00,DKK324.00,78,0
Timing pulley Ø6.35 T5,Recoater,Standard,Done,Recieved,Good,"28.65mm pulley diameter.
32g.",Mounted on stepper shaft using set screw(s),Aluminium,TTPA18T5200-B-P6.35,,,https://uk.misumi-ec.com/vona2/detail/110300406820/?HissuCode=TTPA18T5200-B-P6.35,Misumi,1,DKK206.50,DKK206.50,79,0
Timing belt idler Ø8 T5,Recoater,Standard,Done,Recieved,Good,,Idler mounted on shaft,Aluminium,AHTFW18-T5200-8 ,,,https://uk.misumi-ec.com/vona2/detail/110300411970/?PNSearch=AHTFW18-T5200-8&HissuCode=AHTFW18-T5200-8,Misumi,1,DKK315.70,DKK315.70,80,0
Pivot pin for timing idler,Recoater,Standard,Done,Recieved,Good,,Pin for idler to roll on,Steel,SCLBR8-43.5,,,https://uk.misumi-ec.com/vona2/detail/110300096110/?PNSearch=SCLBR8-38&HissuCode=SCLBR8-38,Misumi,1,DKK69.70,DKK69.70,81,0
Bearing spacer for idler,Recoater,Standard,Done,Recieved,Good,,Space idler to match with pulley,Steel,CLBUB8-10-12.5,,,https://uk.misumi-ec.com/vona2/detail/110302644450/?HissuCode=CLBUB8-10-[1-50%2f0.1],Misumi,1,DKK43.90,DKK43.90,82,0
Timing belt clamp plate,Recoater,Standard,Done,Recieved,Good,,For clamping the T5 belt to the recoater,Aluminium,TBCR-T5200 ,,,https://uk.misumi-ec.com/vona2/detail/110300555560/?HissuCode=TBCR-T5200,Misumi,2,DKK78.15,DKK156.30,83,0
T5 timing belt 300 teeth,Recoater,Standard,Done,Recieved,Slight modifications,Too many teeth as planned. Easy to cut to length,Belt for recoater - open ended. 44g/m,"Steel,Elastomer",TTBO-T5200-300,,,https://uk.misumi-ec.com/vona2/detail/110300414430/?CategorySpec=00000005689%3a%3ab%0900000005696%3a%3ah%0900000005697%3a%3amig00000002009720,Misumi,1,DKK449.00,DKK449.00,84,0
Stepper driver,Recoater,Standard,Done,Recieved,Good,,Stepper driver for NEMA 23 up to 3.2A,,DM332T,,,https://www.omc-stepperonline.com/stepper-motor-driver/digital-stepper-drive-1-0-3-2a-18-30vdc-for-nema-17-23-stepper-motor.html?sort=p.price&order=ASC,OMC,1,DKK96.00,DKK96.00,86,0
Build cylinder,Build-plate,Custom,Done,Recieved,Good,,"Must be round and very smooth. Careful turning is sufficient in aluminium. OD280, ID252. Ø280, t=15 is enough",Aluminium,,,,https://www.alumeco.dk/aluminium/profiler/runde-ror/en-aw-6082/280-x-15-mm/p/571/15986,DTU,1,,DKK0.00,23,0
Build base,Build-plate,Custom,Done,Recieved,Slight modifications,The hole for thermo couple was below spec and had to be drilled bigger,Smaller than Build cylinder - about 1mm in radius work well. Secure build plate concentric and flat from top. Mount to spindle and linear guide rod. Contain heating elements. Accomodate seal. A few millimeters of the ceramic paper seal seem to work.,Aluminium,,,,,DTU,1,,DKK0.00,24,0
Build Plate,Build-plate,Custom,Done,Recieved,Good,,"Flat, cheap and compatible with powder material","Stainless steel,Steel",,,,,DTU,10,,DKK0.00,25,0
Motor plate,Build-plate,Custom,Done,Recieved,Good,,"Motor plate to hold 3 non-captive stepper motors, end-stop switches",Aluminium,,,,,DTU,1,,DKK0.00,26,0
Cover top Cylinder,Build-plate,Custom,Done,Recieved,Failure,Wrong tubing was ordered. Had to be turned down to size and not fits. Next time have the cylinder rolled with a flat side for cable passthroughs,"Tube which function as seal and insulator around the z-axis, welded to flange
",Aluminium,,,,https://www.alumeco.dk/aluminium/profiler/runde-ror/en-aw-6060/380-x-10-mm/p/570/15774,DTU,1,,DKK0.00,27,0
Build cylinder clamp ring,Build-plate,Custom,Done,Recieved,Good,,Ring that clamp buildcylinder up to build platform and which locate and hold z-axis motor assembly incl. build base linear stage,Aluminium,,,,,DTU,1,,DKK0.00,76,0
Cover top gasket,Build-plate,Custom,Done,Recieved,Good,,Silicone gasket to seal build platform and cover,Silicone,,,,http://www.m-seals.dk/da/shop/o-ringe/o-ringe,Mseals,1,DKK120.00,DKK120.00,87,0
Cover top Flange,Build-plate,Custom,Done,Recieved,Good,Key-shaped holes for bolt heads worked perfectly,Flange with with gasket welded to cover cylinder,Aluminium,,,,,DTU,1,,DKK0.00,89,0
Cover bottom cylinder,Build-plate,Custom,Done,Recieved,Failure,Wrong tubing was ordered. Had to be turned down to size and not fits. Next time have the cylinder rolled with a flat side for cable passthroughs,,Aluminium,,,,,DTU,1,,DKK0.00,141,0
Cover middle flange 1,Build-plate,Custom,Done,Recieved,Good,Key-shaped holes for bolt heads worked perfectly,,Aluminium,,,,,DTU,1,,DKK0.00,142,0
Cover middle flange 2,Build-plate,Custom,Done,Recieved,Good,,,Aluminium,,,,,DTU,1,,DKK0.00,144,0
Cover middle gasket,Build-plate,Custom,Done,Recieved,Good,,Silicone gasket to seal between two cover cylinders,Silicone,,,,http://www.m-seals.dk/da/shop/o-ringe/o-ringe,Mseals,1,DKK120.00,DKK120.00,146,0
Heating element plate,Build-plate,Custom,Done,Recieved,Good,,,Aluminium,,,,,DTU,3,,DKK0.00,208,0
Thermocouple plate,Build-plate,Custom,Done,Recieved,Slight modifications,Through-hole too small to accommodate reinforced braided cable.,Plate that secure thermocouple in buildbase,Aluminium,,,,,DTU,1,,DKK0.00,209,0
Seal clamp plate,Build-plate,Custom,Done,Recieved,Slight modifications,ID of clamp plate was too small. Filed to enlargen. Check specs.,Ring that clamps down on ceramic seal,Aluminium,,,,,DTU,1,,DKK0.00,210,0
Ceramic build base seal,Build-plate,Custom,Done,Recieved,Good,Excellent. Have been running hundreds of hours without needing to be changed,,Ceramic paper,,,,,,1,,DKK0.00,292,0
Motor plate shaft,Build-plate,Standard,Done,Recieved,Slight modifications,Totally within spec. But should have had flats for wrench.,Steel shaft with M10 thread in both ends. Ø20mm,Steel,SFUW20-210-M10-N10,,,https://uk.misumi-ec.com/vona2/detail/110302634470/?PNSearch=SFUW20-275-M10-N10&HissuCode=SFUW20-275-M10-N10&searchFlow=suggest2products&Keyword=SFUW20-275-M10-N10,Misumi,3,DKK160.00,DKK480.00,77,0
NEMA 23 Tr11x2 Non-Captive,Build-plate,Standard,Done,Recieved,Good,Have not been proper torque tested as of now,,,23LS22-2004N-200T,,,https://www.omc-stepperonline.com/linear-stepper-motor/nema-23-non-captive-56mm-stack-2a-lead-2mm007874-length-200mm-23ls22-2004n-200t.html?mfp=178-linear-motor-type%5BNon-Captive%5D%2C184-frame-size-mm%5BNema%2023%20%2857%20x%2057%29%5D%2C181-lead-screw-length-mm%5B200%5D,OMC,3,DKK300.00,DKK900.00,96,0
Stepper driver NEMA23,Build-plate,Standard,Done,Recieved,Good,,,,DM332T,,,https://www.omc-stepperonline.com/digital-stepper-drive-1-0-3-2a-18-30vdc-for-nema-17-23-stepper-motor.html?search=DM332T,OMC,3,DKK99.42,DKK298.26,97,0
Self-centering keyless bushing,Build-plate,Standard,Done,Recieved,Good,,,Steel,61541100,,,https://www.maedler.de/Article/61541100,maedler,3,DKK60.00,DKK180.00,293,0
Gas flow end duct,Gas flow,Custom,Done,Recieved,Slight modifications,,,Polymer,,,,,,2,,DKK0.00,31,0
Blower Mount(right and left),Gas flow,Custom,Done,Recieved,Slight modifications,Blower should be spaced further toward the end to allow for stiff blower tubing,,Steel,,,,,DTU,2,,DKK0.00,219,0
Gas flow inlet geometry,Gas flow,Custom,Done,Recieved,Slight modifications,,,,,,,,,2,,DKK0.00,264,0
Gas flow ducting tube,Gas flow,Standard,Done,Recieved,Slight modifications,ID was good. Too thick and heavy. Bending radius too small and tends to want to bend / not remain straight.,Tubing to connect cross flow system,Polymer,136-9513,136-9513,,https://dk.rs-online.com/web/p/slanger/1369513,RS components,1,DKK960.00,DKK960.00,32,0
Spare gas filters Polyether,Gas flow,Standard,Done,Recieved,Good,,,Paper,Paper spare filter for In-Line-Filter,140220P,,https://www.skv-tec.nl/en/options/side-channel-blowers/filters/spare-filters/paper-spare-filter-for-in-line-filter?number=140220P&c=75,SKV-tec,1,DKK349.00,DKK349.00,33,0
Gas blower,Gas flow,Standard,Done,Recieved,Good,Changed to a sealed blower. Works great.,Centrifugal blower of ring blowe/side channel blower. Sealed 1.5kW blower,"Polymer,Steel,Aluminium",Single stage side channel blower fitted with 1.5kw 3Ph 400V motor.  Sealed construction,SC501MF1.5T-X,,https://eurovacuumproducts.com/,EuroVacuumProducts.com,1,"DKK4,300.00","DKK4,300.00",34,0
Gas bottle input,Gas flow,Standard,Done,Recieved,Slight modifications,Compressed air regulator. Seems to work,,,AR20-F02G-B, 890-3156,,https://dk.rs-online.com/web/p/trykluftregulatorer/8903156,RS components,1,DKK201.00,DKK201.00,60,0
Main solenoid valve,Gas flow,Standard,Done,Recieved,Good,As intended,"Main solenoid valve for input and output. 24VDC control, Ø6 tube, max 6bar pressure diff. SMC. DIN rail mount. DIN plug",,VQ21A1-5YO-C6-Q,840-6740,,https://dk.rs-online.com/web/p/pneumatik-magnetventiler-pilotstyret/8406740,RS components,2,DKK300.00,DKK600.00,99,0
Ø6 Gas tubing,Gas flow,Standard,Done,Recieved,Slight modifications,Very stiff and ID seem a bit tight. Maybe should consider going to 8mm or 10mm,Tubing to connect gas supply. Ø6. 30m.,,483-4970,483-4970,,https://dk.rs-online.com/web/p/luftslange/4834970,RS components,1,DKK155.00,DKK155.00,100,0
Ø6 quick connect bulkhead,Gas flow,Standard,Done,Recieved,Slight modifications,"The main bottle input should probably be larger, perhaps 10mm",Quick connect for Ø6 ,,187-8771,187-8771,,https://dk.rs-online.com/web/p/trykluft-lynkoblinger/1878771,RS components,1,DKK150.00,DKK150.00,101,0
Ø6 quick connect tube barb,Gas flow,Standard,Done,Recieved,Good,,Connect Ø6 tubing for quick connect,,187-8814,187-8814,,https://dk.rs-online.com/web/p/trykluft-lynkoblinger/1878814,RS components,1,DKK18.00,DKK18.00,102,0
In-line Ø6 pressure sensor,Gas flow,Standard,Done,Recieved,Slight modifications,,"Measure pressure on supply side. Or other parts of tubing Ø6, 0-10, 12-24VDC",,SDE5-D10-NF-Q6E-V-K,175-2144,,https://dk.rs-online.com/web/p/pneumatik-trykfolere/1752144,RS components,1,DKK540.00,DKK540.00,103,0
Ø6 process chamber inlet,Gas flow,Standard,Done,Recieved,Good,,"90deg Ø6 tubing bend with M6 thread and oring. To screw into the build platform or through the side with a nut. Threads are approx 4,1mm long. Also for exhaust. 5pcs",,KQ2L06-M6A,771-5383,,https://dk.rs-online.com/web/p/pneumatik-fittings/7715383,RS components,1,DKK90.00,DKK90.00,104,0
Ø6 Y branch,Gas flow,Standard,Done,Recieved,Good,,"Ø6 Y adapter, 1 Ø6 in, 2 Ø6 out for supplying gas different places in the machine. 5pcs",,KQ2U06-00A,771-5936,,https://dk.rs-online.com/web/p/pneumatik-fittings/7715936,RS components,1,DKK100.00,DKK100.00,105,0
Ø6 Panel mount manual flow reg.,Gas flow,Standard,Done,Recieved,Not in use,,Panel mounted manual flow regulator,,GR-QS-6,136-6655,,https://dk.rs-online.com/web/p/pneumatik-funktionsfittings/1366655/,RS components,2,DKK145.00,DKK290.00,106,0
Chamber pressure sensor,Gas flow,Standard,Done,Recieved,Failure,Not sensitive enough. Can be omitted,Pressure sensor which meassures 0-2bar inside the chamber. ,,PX2AG2XX002BAAAX,853-6462,,https://dk.rs-online.com/web/p/tryksensorer/8536462/,RS components,1,DKK650.00,DKK650.00,108,0
DIN plug Solenoid,Gas flow,Standard,Done,Recieved,Good,,,,811-8213,811-8213,,https://dk.rs-online.com/web/p/din-43650-ventilstik/8118213/,RS components,1,DKK51.00,DKK51.00,133,0
Cable for in-line pressure sensor,Gas flow,Standard,Done,Recieved,Good,,,,NEBU-M8W3-K-5-LE3,121-5580,,https://dk.rs-online.com/web/p/tilbehor-til-pneumatiske-sensorer-og-switche/1215580/,RS components,1,DKK76.00,DKK76.00,134,0
Blower vibration rubber mount,Gas flow,Standard,Done,Recieved,Slight modifications,Should maybe be the bigger size,,,1893251,1893251,,https://dk.rs-online.com/web/p/vibrationsdaempere-fodder-fast-hojde/1893251,RS components,1,DKK21.00,DKK21.00,192,0
One-way valve outlet,Gas flow,Standard,Done,Recieved,Good,,,,916-0943,916-0943,,https://dk.rs-online.com/web/p/pneumatik-kontraventiler/9160943/,RS components,1,DKK66.00,DKK66.00,223,0
Oxygen sensor,Gas flow,Standard,Done,Recieved,Good,,,,FCX-TR0025,FCX-TR0025,,https://sensorsandpower.angst-pfister.com/de/produkte/gas/produkt/fcx-tr0025-amperometric-oxygen-o2-gas-transmitter/,Angst+Pfister,1,"DKK2,200.00","DKK2,200.00",231,0
Flow sensor,Gas flow,Standard,Done,Recieved,Good,,,,EE671-T14A3HV27KL200,300-10-290,,https://www.elfadistrelec.dk/en/miniature-air-velocity-transmitter-elektronik-ee671-t14a3hv27kl200/p/30010290?track=true&no-cache=true&marketingPopup=false,Elfa Distrelec,1,"DKK1,300.00","DKK1,300.00",232,0
"Filter housing 2"" (with one filter)",Gas flow,Standard,Done,Recieved,Good,,"Housing for filter and fits 2"" hoses. Works great",Steel,"Inline filter G 2""",140220-2,,https://www.skv-tec.nl/en/options/side-channel-blowers/filters/in-line-filters/inline-filter-g-2?number=140220-2&c=73,SKV-tec,1,"DKK1,200.00","DKK1,200.00",256,0
Sunny Galvo Adapter Plate,Optics,Custom,Done,Recieved,Slight modifications,,Plate where galvo and collimator mount together,Aluminium,,,,,DTU,1,,DKK0.00,214,0
F-theta seal ring,Optics,Custom,Done,Recieved,Slight modifications,Oring fit is a bit too tight due to small bump prior to intended mating surface,F-theta seal ring with oring around f-theta,Aluminium,,,,,DTU,1,,DKK0.00,215,0
Galvo box bracket,Optics,Custom,Done,Recieved,Slight modifications,"Changed galvo mount completely to allow for adjustments. Tolerences are slightly too tight and it bind a bit if left assembled for a while

Before: Galvo too far down. f-theta does not screw in enough so it sticks down",Plate that attach galvo/collimator to top box plate,Aluminium,,,,,DTU,1,,DKK0.00,216,0
Galve support bracket,Optics,Custom,Done,Recieved,Good,,Sheet metal bracket that support galvo subsystem,"Stainless steel,Steel",,,,,DTU,2,,DKK0.00,217,0
Silicone gasket f-theta ring,Optics,Custom,Done,Recieved,Good,,,Silicone,,,,,DTU,1,,DKK0.00,218,0
Laser source,Optics,Standard,Done,Recieved,Good,Works great as intended,,,MFSC-300W,,,http://en.maxphotonics.com/product/18.html,Max Photonics,1,"DKK44,673.00","DKK44,673.00",35,0
Collimator,Optics,Standard,Done,Recieved,Good,,,,,,,,EN Laser,1,"DKK11,750.00","DKK11,750.00",36,0
Sunny Galvo,Optics,Standard,Done,Recieved,Good,,,,,,,http://www.sunny-technology.com/pro_con.aspx?type=143&id=850,Sunny Technology,1,"DKK9,776.00","DKK9,776.00",37,0
F-Theta,Optics,Standard,Done,Recieved,Good,,,,4401-508-000-26,,,https://www.digikey.dk/product-detail/da/4401-508-000-26/1601-4401-508-000-26-ND/11698211?utm_medium=email&utm_source=oce&utm_campaign=3309_OCE21RT&utm_content=productdetail_DK&utm_cid=1959404&so=71081600&mkt_tok=MDI4LVNYSy01MDcAAAF-tKwAJu23wA7EMGcGE9E85mQzt3nm7cxZgZwiMBxdyCga84JSMgc3ERNhdmtx8QnKbnlYsbjqmDIbnyKrFp4KzD3G0fJHrpor6LH7NP8G,Digikey,1,"DKK26,615.00","DKK26,615.00",38,0
Water chiller for collimator,Optics,Standard,Done,Recieved,Good,,,,VEVOR 70W Aquarium Water Cooler,,,https://www.amazon.de/dp/B08DHG92T4/ref=pe_27091401_487027711_TE_SCE_3p_dp_1,Amazon,1,DKK691.00,DKK691.00,90,0
Powder hopper,Powder,Custom,Done,Recieved,Major modifications,A few welds had to be filed down,,Stainless steel,,,,,DTU,2,,DKK0.00,39,0
Powder roller,Powder,Custom,Done,Recieved,Slight modifications,"Now all slots have same size and rounded by worker.

Before: The slots were too sharp, had to be filed down. Next version should include fillets or chamfers",,Aluminium,,,,,DTU,2,,DKK0.00,40,0
Powder handling mount bracket,Powder,Custom,Done,Recieved,Good,,,Stainless steel,,,,,DTU,2,,DKK0.00,41,0
Powder roller housing,Powder,Custom,Done,Recieved,Good,,,Aluminium,,,,,DTU,1,,DKK0.00,71,0
Powder stepper bracket,Powder,Custom,Done,Recieved,Good,,,Stainless steel,,,,,DTU,1,,DKK0.00,72,0
Powder roller ceramic gasket,Powder,Custom,Done,Recieved,Good,Nice fit,,,,,,,Keith Payne,1,,DKK0.00,151,0
Powder hopper funnel,Powder,Custom,Done,Recieved,Failure,FDM print works okay. Sheet metal in future,,"Stainless steel,Polymer",,,,,,1,,DKK0.00,152,0
Powder hopper back plate,Powder,Custom,Done,Recieved,Good,,,Stainless steel,,,,,DTU,1,,DKK0.00,153,0
Powder hopper nut bracket,Powder,Custom,Done,Recieved,Slight modifications,Modified by welders to accomodate their tooling. Could not make so small 90deg bends,,Stainless steel,,,,,DTU,4,,DKK0.00,154,0
Powder hopper handle,Powder,Custom,Done,Recieved,Good,,,Stainless steel,,,,,DTU,2,,DKK0.00,155,0
Powder hopper sides,Powder,Custom,Done,Recieved,Good,They bow outwards and interfere with the recoater shield,,Stainless steel,,,,,DTU,2,,DKK0.00,156,0
Powder hopper inlet - fixed,Powder,Custom,Done,Recieved,Good,,,Aluminium,,,,,DTU,2,,DKK0.00,157,0
Powder box inlet - fixed,Powder,Custom,Done,Recieved,Good,,,,,,,,DTU,2,,DKK0.00,158,0
Powder hopper inlet - slider,Powder,Custom,Done,Recieved,Good,,,,,,,,DTU,,,DKK0.00,159,0
Powder dispense stepper,Powder,Standard,Done,Recieved,Good,Seem good enough. Backlash could be a problem,Small motor for turning the dispenser drums,Steel,11HS20-0674S-PG5,,,https://www.omc-stepperonline.com/economy-planetary-gearbox/nema-11-stepper-motor-bipolar-l51mm-w-gear-raio-51-planetary-gearbox-11hs20-0674s-pg5.html?mfp=184-frame-size-mm%5BNema%2011%20%2828%20x%2028%29%5D%2C286-holding-torque-w-o-gearbox-n-m%5B0.14%2C0.22%2C0.25%2C0.32%2C0.36%2C0.4%2C0.52%2C0.65%2C1.25%2C1.89%2C26.85%5D,OMC,2,DKK211.00,DKK422.00,42,0
Ball bearing dispenser,Powder,Standard,Done,Recieved,Good,,"Ball bearing for dispenser ID5, OD14, t5",Steel,C-BGCAB608ZZ,,,https://uk.misumi-ec.com/vona2/detail/110302714360/?HissuCode=C-BGCAB608ZZ&PNSearch=C-BGCAB608ZZ&KWSearch=C-BGCAB608ZZ&searchFlow=results2type,Misumi,4,DKK58.15,DKK232.60,52,0
Digital stepper driver,Powder,Standard,Done,Recieved,Good,,Stepper driver for NEMA 11 motors,,DM320T,,,https://www.omc-stepperonline.com/digital-stepper-driver-03-22a-18-30vdc-for-nema-8-11-14-16-17-stepper-motor-dm320t.html?search=DM320T,OMC,2,DKK84.48,DKK168.96,94,0
Dispenser drum coupling,Powder,Standard,Done,Recieved,Good,,6mm to 8mm coupling between stepper motor and dispenser drum,Aluminium,SCOC20-6-8,,,https://uk.misumi-ec.com/vona2/detail/110300125850/?PNSearch=SCOC20-6-8&HissuCode=SCOC20-6-8&searchFlow=suggest2products&Keyword=SCOC20-6-8&isReSearch=1,Misumi,2,DKK154.18,DKK308.36,95,0
Index Pin Powder Filling,Powder,Standard,Done,Recieved,Good,,"M6 indexing plunger for powder coupling
",,PMXS-4-M6-AK,,,https://uk.misumi-ec.com/vona2/detail/221000120053/?PNSearch=PMXS-4-M6-AK&HissuCode=PMXS-4-M6-AK&searchFlow=suggest2products&Keyword=PMXS-4-M6-AK,Misumi,2,DKK90.00,DKK180.00,258,0
"1"" Butterfly valve for filling",Powder,Standard,Done,Recieved,Good,,,,"1"" Sanitary Butterfly Valve Clamp OD 50.5MM",,,https://www.ebay.com/itm/232303793716,ebay,4,DKK261.00,"DKK1,044.00",260,0
"1"" Ferrule Tri-Clamp",Powder,Standard,Done,Recieved,Good,,,,"3/4""~1-1/2"" Tri Clamp Sanitary Stainless Steel 304 Fits 50.5MM",,,https://www.ebay.com/itm/232316520630,ebay,8,DKK80.00,DKK640.00,261,0
Tri-Clamp silicone gasket (5pcs),Powder,Standard,Done,Recieved,Good,,,,"1"" Sanitary Tri Clamp OD 50.5mm Silicone Sealing Gasket",,,https://www.ebay.com/itm/233707813757,ebay,2,DKK30.00,DKK60.00,262,0
GLAMS,Electric,Custom,Done,Recieved,Slight modifications,,,,,,,,,,,DKK0.00,272,0
Electrical cabinet,Electric,Standard,Done,Recieved,Good,Nice cabinet. Could be bigger. Next time to not cut and drill all holes manually / using hand tools,800x600x250 Schneider cabinet,Steel,NSYS3D8625P,701-8449,,https://dk.rs-online.com/web/p/vaegbokse/7018449,RS components,1,DKK850.00,DKK850.00,43,0
24VDC PSU 20A,Electric,Standard,Done,Recieved,Good,,Main 24V power Supply,,S8VK-C48024,786-6462,,https://dk.rs-online.com/web/p/din-skinnemonterbare-stromforsyninger/7866462,RS components,1,"DKK1,000.00","DKK1,000.00",46,0
Arduino Mega,Electric,Standard,Done,Recieved,Good,,,,,,,,RS components,1,DKK200.00,DKK200.00,58,0
Electric cabinet fan,Electric,Standard,Done,Recieved,Good,Nice and silent,For top mount to blow out hot air. 80mm,,787-4016,787-4016,,https://dk.rs-online.com/web/p/aksiale-blaesere/7874016,RS components,1,DKK65.00,DKK65.00,62,0
35mm DIN rail,Electric,Standard,Done,Recieved,Good,,0.5m,Steel,467-406,467-406,,https://dk.rs-online.com/web/p/din-skinner/0467406,RS components,4,DKK30.00,DKK120.00,63,0
Kabelforskruning,Electric,Standard,Done,Recieved,Slight modifications,Seems like a good size for covering many cable types. Should use metric thread,Kabelforskruning for sending cables into control cabinet and machine,,53015210+53019210,206-6096,,https://dk.rs-online.com/web/p/kabelforskruninger/2066096,RS components,20,DKK6.50,DKK130.00,75,0
DIN Relay,Electric,Standard,Done,Recieved,Good,Fine. Should maybe be solidstate,Relay for switching e.g. solenoid valve,,1SNA645034R2300 RB121P-5VDC,669-9974,,https://dk.rs-online.com/web/p/interfacerelae-moduler/6699974/,RS components,2,DKK190.00,DKK380.00,110,0
Cabinet fan filter,Electric,Standard,Done,Recieved,Good,,,,737-4064,737-4064,,https://dk.rs-online.com/web/p/blaeserfiltre/7374064,RS components,1,DKK20.00,DKK20.00,111,0
40x40 Cable Duct,Electric,Standard,Done,Recieved,Good,,40x40mm Cable duct for cabinet,Polymer,879-3725,879-3725,,https://dk.rs-online.com/web/p/kabelkanaler/8793725,RS components,1,DKK42.00,DKK42.00,112,0
Endestops Mech Plunger,Electric,Standard,Done,Recieved,Good,,,,230-5086,230-5086,,https://dk.rs-online.com/web/p/endestopkontakter/2305086,RS components,1,DKK239.00,DKK239.00,114,0
5V PSU,Electric,Standard,Done,Recieved,Good,,15W 5V supply for optocoupler supply etc,,HDR-30-5,145-7864,,https://dk.rs-online.com/web/p/din-skinnemonterbare-stromforsyninger/1457864/,RS components,1,DKK105.00,DKK105.00,115,0
12V PSU,Electric,Standard,Done,Recieved,Good,,12VDC PSU for powering e.g. Arduino etc,,,,,https://dk.rs-online.com/web/p/din-skinnemonterbare-stromforsyninger/1457860,RS components,,,DKK0.00,116,0
Electrical cabinet door stop,Electric,Standard,Done,Recieved,Good,Nice addition to cabinet,,,NSYAEDRSCST,126-7382,,https://dk.rs-online.com/web/p/tilbehor-til-kabinetter/1267382/?relevancy-data=7365617263685F636173636164655F6F726465723D31267365617263685F696E746572666163655F6E616D653D4931384E53656172636847656E65726963267365617263685F6C616E67756167655F757365643D6461267365617263685F6D617463685F6D6F64653D6D61746368616C6C7061727469616C267365617263685F7061747465726E5F6D6174636865643D5E5B5C707B4C7D5C707B4E647D2D2C2F255C2E5D2B24267365617263685F7061747465726E5F6F726465723D313333267365617263685F73745F6E6F726D616C697365643D59267365617263685F726573706F6E73655F616374696F6E3D267365617263685F747970653D4B4559574F52445F53494E474C455F414C5048415F4E554D45524943267365617263685F7370656C6C5F636F72726563745F6170706C6965643D59267365617263685F77696C645F63617264696E675F6D6F64653D4E4F4E45267365617263685F6B6579776F72643D4E53594145445253435354267365617263685F6B6579776F72645F6170703D4E53594145445253435354267365617263685F636F6E6669673D3126&searchHistory=%7B%22enabled%22%3Atrue%7D,RS components,1,DKK114.00,DKK114.00,117,0
Heater PID,Electric,Standard,Done,Recieved,Slight modifications,Does not have a SSR output. Next version should have. Now require a 5V line into the relay output,Single output PID relay,,PXU10020,905-5725,,dk.rs-online.com/web/p/temperaturregulatorer/9055725,RS components,1,DKK654.00,DKK654.00,119,0
DIN solidstate relay,Electric,Standard,Done,Recieved,Good,,Heating element relay,,121-3888,121-3888,,https://dk.rs-online.com/web/p/solid-state-relaeer/1213888,RS components,4,DKK213.50,DKK854.00,120,0
Heating element,Electric,Standard,Done,Recieved,Good,Heats up super fast,Heating element,,860-6909,860-6909,,dk.rs-online.com/web/p/varmelegemer/8606909,RS components,4,DKK60.00,DKK240.00,121,0
Termoelement type K,Electric,Standard,Done,Recieved,Good,,Type K heating element,,334-2622,334-2622,,dk.rs-online.com/web/p/termoelementer/3342622/,RS components,1,DKK152.00,DKK152.00,122,0
Klemrækker Grå,Electric,Standard,Done,Recieved,Good,,,,870-901,388-7434,,https://dk.rs-online.com/web/p/din-skinneklemmeraekker/3887434,RS components,4,DKK38.80,DKK155.20,123,0
Klemrækker Blå,Electric,Standard,Done,Recieved,Good,,,,870-904,388-7440,,https://dk.rs-online.com/web/p/din-skinneklemmeraekker/3887440,RS components,4,DKK40.00,DKK160.00,124,0
Klemrækker Gul/Grøn,Electric,Standard,Done,Recieved,Good,,,,870-907,388-7462,,https://dk.rs-online.com/web/p/din-skinneklemmeraekker/3887462,RS components,2,DKK107.00,DKK214.00,125,0
Laske 3-polet,Electric,Standard,Done,Recieved,Good,More poles would be handy,,,870-403,388-7507,,https://dk.rs-online.com/web/p/din-skinne-klemmer-tilbehor/3887507,RS components,2,DKK23.60,DKK47.20,126,0
Laske 2-polet,Electric,Standard,Done,Recieved,Good,More poles would be handy,,,870-402,388-7490,,https://dk.rs-online.com/web/p/din-skinne-klemmer-tilbehor/3887490,RS components,2,DKK17.40,DKK34.80,127,0
Klemrækker endestop,Electric,Standard,Done,Recieved,Good,,,,878-7556,878-7556,,https://dk.rs-online.com/web/p/din-skinne-klemmer-tilbehor/8787556,RS components,2,DKK19.90,DKK39.80,128,0
Klemrækker markeringer,Electric,Standard,Done,Recieved,,,,,878-7590,878-7590,,https://dk.rs-online.com/web/p/klemraekker-tilbehor/8787590,RS components,2,DKK13.60,DKK27.20,129,0
Power Distributor,Electric,Standard,Done,Recieved,Slight modifications,Next should have the third phase as a 230V plug also,16A AC power distributor with HPFI ,,,10876 ,,https://www.harald-nyborg.dk/produkt/byggepladstavle-16a-1,Harald Nyborg,1,DKK450.00,DKK450.00,135,0
400V power cable,Electric,Standard,Done,Recieved,Good,,10m CEE 400V power cable,,,3696 ,,https://www.harald-nyborg.dk/produkt/cee-forlaengerkabel-5x1-5-10m,Harald Nyborg,1,DKK208.50,DKK208.50,136,0
230V power plug,Electric,Standard,Done,Recieved,Good,,230VAC power plug ,,,4428,,https://www.harald-nyborg.dk/produkt/stikprop-rund-med-jord-graa,Harald Nyborg,4,DKK12.75,DKK51.00,137,0
USB 3.0 Passthrough,Electric,Standard,Done,Recieved,Slight modifications,Hole should be round and not rectangular,,,218-8300,218-8300,,https://dk.rs-online.com/web/p/usb-stik/2188300,RS components,2,DKK85.00,DKK170.00,164,0
Webcam,Electric,Standard,Done,Recieved,Good,Bad resolution. Works okay for overview picture,,,,,,https://www.av-cables.dk/webcam/webcam-1080p-auto-fokus-black-edition.html,av-cables,1,DKK200.00,DKK200.00,166,0
Self-cutting panel screw,Electric,Standard,Done,Recieved,Good,,Box of self-cutting screws for screwing in DIN-rais etc.,,546-5806,546-5806,,https://dk.rs-online.com/web/p/selvborende-skruer/54658,RS components,1,DKK42.00,DKK42.00,172,0
15mm DIN rail,Electric,Standard,Done,Recieved,Good,,15mm compact DIN rail for bottom of cabinet etc.,,1401682 ,803-9615,,https://dk.rs-online.com/web/p/din-skinner/8039615,RS components,1,DKK47.00,DKK47.00,173,0
Compact Screw Terminal,Electric,Standard,Done,Recieved,Good,,Screw terminal for 15mm DIN rail,,,815-8839,,https://dk.rs-online.com/web/p/din-skinneklemmeraekker/8158839,RS components,50,DKK1.10,DKK55.00,174,0
5-pin Connector Male,Electric,Standard,Done,Recieved,Good,,Cable mounted male connector for stepper motor,,144-4189,144-4189,,https://dk.rs-online.com/web/p/industrielle-cirkulaere-stik/1444189,RS components,6,DKK46.00,DKK276.00,175,0
VFD,Electric,Standard,Done,Recieved,Slight modifications,Shitty menu system. Maybe go for nicer brand,"2.2 kW for driving main cross flow blower
",,122-3414,122-3414,,https://dk.rs-online.com/web/p/frekvensomformere/1223414,RS components,1,DKK832.00,DKK832.00,176,0
Kabelforskruning Oring,Electric,Standard,Done,Recieved,Good,,Oring to seals kabelforskruning,,53102011 ,664-4603,,https://dk.rs-online.com/web/p/kabelforskrunings-o-ringe/6644603,RS components,20,DKK0.50,DKK10.00,177,0
5-pin Connector Female,Electric,Standard,Done,Recieved,Good,,Chasses mounted female 5-pin connector for stepper motor,,144-4168,144-4168,,https://dk.rs-online.com/web/p/industrielle-cirkulaere-stik/1444168,RS components,6,DKK88.00,DKK528.00,178,0
5-pin Connector Sealing Cap,Electric,Standard,Done,Recieved,Failure,Don't know how to use them,,,207-0652,207-0652,,https://dk.rs-online.com/web/p/cirkulaere-stik-stovhaetter/2070652,RS components,6,DKK42.00,DKK252.00,179,0
Small electrical enclosure,Electric,Standard,Done,Recieved,Major modifications,Too small,For connecting the heating elements prior to the control cabinet,,197-2021,197-2021,,https://dk.rs-online.com/web/p/allround-kabinetter/1972021,RS components,1,DKK88.00,DKK88.00,180,0
Pluto D20 Safety PLC,Electric,Standard,Done,Recieved,Good,,,,,2TLA020070R6400,,,Jokab Safety,1,"DKK6,234.00","DKK6,234.00",181,0
Inca 1 Tina Estop,Electric,Standard,Done,Recieved,Good,,,,,2TLA030054R0000,,,Jokab Safety,1,DKK499.00,DKK499.00,182,0
Adam DYN-Info M12-5,Electric,Standard,Done,Recieved,Good,,,,,2TLA020051R5100,,,Jokab Safety,2,DKK345.00,DKK690.00,183,0
Eva General Code,Electric,Standard,Done,Recieved,Good,,,,,2TLA020046R0800,,,Jokab Safety,2,DKK108.00,DKK216.00,184,0
"M12-C61, 6m cable",Electric,Standard,Done,Recieved,Good,,,,,2TLA020056R0000,,,Jokab Safety,2,DKK121.00,DKK242.00,185,0
Safety contactor,Electric,Standard,Done,Recieved,Good,,,,AFS16-30-22-11,1SBL177082R1122,,,Jokab Safety,1,DKK587.00,DKK587.00,186,0
Smile 41 EWWWP Estop Box,Electric,Standard,Done,Recieved,Good,,,,,2TLA030057R0100,,,Jokab Safety,1,"DKK1,388.00","DKK1,388.00",187,0
"M12-C63, 6m cable",Electric,Standard,Done,Recieved,Good,,,,,2TLA020056R3000,,,Jokab Safety,1,DKK183.00,DKK183.00,188,0
2-pin connector female chassis,Electric,Standard,Done,Recieved,Slight modifications,Bottom plate is too thick for pass-through. May need to use silicone and not oring,"Chassis mounted 2-pin connector for heating elements, thermocouple and limit switch, z-axis",,144-4165,144-4165,,https://dk.rs-online.com/web/p/industrielle-cirkulaere-stik/1444165,RS components,6,DKK62.00,DKK372.00,221,0
2-pin connector male cable mount,Electric,Standard,Done,Recieved,Good,,,,144-4186,144-4186,,https://dk.rs-online.com/web/p/industrielle-cirkulaere-stik/1444186,RS components,6,DKK82.00,DKK492.00,222,0
USB to USB Control board 5m,Electric,Standard,Done,Recieved,Good,,"From control cabinet usb to usb hub (male to male) approx. 3m
",,182-8845,182-8845,,https://dk.rs-online.com/web/p/usb-kabler/1828845,RS components,1,DKK70.50,DKK70.50,224,0
Power outlet strip with screw mount,Electric,Standard,Done,Recieved,Good,,,,,951156005016,,https://www.lightpartner.dk/stikdase-6x-3p-dk-3m-kabel.html,lightpartner,1,DKK119.00,DKK119.00,226,0
USB to USB webcam 1.8m,Electric,Standard,Done,Recieved,Good,,,,11.02.8970-50,790-3710,,https://dk.rs-online.com/web/p/usb-kabler/7903710,RS components,1,DKK76.00,DKK76.00,227,0
"19"" USB hub",Electric,Standard,Done,Recieved,Good,,,,,,,,Amazon,1,,DKK0.00,229,0
"5V 4A power to USB hub 5.5,x2.1mm jack",Electric,Standard,Done,Recieved,Good,,,,GSM36E05-P1J,791-0935,,https://dk.rs-online.com/web/p/ac-dc-adaptere/7910935,RS components,1,DKK148.50,DKK148.50,230,0
DHT20 Temperature and Pressure Sensor,Electric,Standard,Done,Recieved,Good,,Low cost sensor for monitoring environment,,DHT20,1568-SEN-18364-ND,,https://www.digikey.dk/da/products/detail/sparkfun-electronics/SEN-18364/14635373,Digikey,2,DKK44.00,DKK88.00,290,0
2x2 Connector Receptacle,GLAMS V3,Standard,Done,Ordered,,,"Stepper Interface + laser trigger + XY2-100 IO
",,43045-0412,,2x2 Connector Plug,https://dk.farnell.com/molex/43045-0412/connector-header-4pos-2row-3mm/dp/1012247,,9,DKK5.70,DKK51.30,197,1
2x1 Connector Receptacle,GLAMS V3,Standard,Done,Ordered,,,2 PIN INPUT/OUTPUT,,43650-0216,,2x1 Connector plug,https://dk.farnell.com/molex/43650-0216/connector-header-2pos-1row-3mm/dp/2063767?st=43650-02,,7,DKK6.17,DKK43.18,199,1
2X4 Connetor Receptacle,GLAMS V3,Standard,Done,Ordered,,,Beam Expander interface,,Molex Micro-Fit 3.0  43045-0812,,2x4 Connector Plug,,,1,DKK13.14,DKK13.14,198,1
2x1 Connector plug,GLAMS V3,Standard,Done,Ordered,,,,,Molex Micro-fit 43645-0208,,2x1 Connector Receptacle,https://dk.farnell.com/molex/43645-0208/connector-housing-rcpt-2pos/dp/2612441,,7,DKK1.77,DKK12.39,200,1
2x2 Connector Plug,GLAMS V3,Standard,Done,Ordered,,,2x2 microfit 3.0,,43025-0408,,2x2 Connector Plug,https://dk.farnell.com/molex/43025-0408/connector-housing-rcpt-4pos/dp/2779892?st=43025,,9,DKK1.98,DKK17.82,201,1
2x4 Connector Plug,GLAMS V3,Standard,Done,Ordered,,,4x2,,43025-0800,,2x4 Connector Plug,https://dk.farnell.com/molex/43025-0800/connector-housing-rcpt-8pos/dp/672919?MER=sy-me-pd-mi-acce,,1,DKK3.27,DKK3.27,202,1
BNC Coaxial connector,GLAMS V3,Standard,Done,Ordered,,,BNC sensor out,,B6252HB-NPP3G-50,,,https://dk.farnell.com/amphenol/b6252hb-npp3g-50/rf-coaxial-bnc-right-angle-jack/dp/1076295?ost=b6252hb-npp3g-50_horizontal&cfm=true&pm=true,,3,DKK20.72,DKK62.16,203,0
JST endstop connector plug,GLAMS V3,Standard,Done,Ordered,,,ENDSTOP,,JST XHP-3,,,https://dk.farnell.com/jst-japan-solderless-terminals/xhp-3/connector-housing-2-5mm-3way/dp/1516265,,4,DKK0.44,DKK1.76,204,0
Pin Socket 5 way,GLAMS V3,Standard,Done,Ordered,,,,,,,,https://dk.rs-online.com/web/p/print-fatninger/2518200,,3,DKK5.92,DKK17.77,205,0
Pin Socket Female 24 way,GLAMS V3,Standard,Done,Ordered,,,,,CES-124-01-T-S,,,https://dk.rs-online.com/web/p/print-fatninger/7666666,,2,DKK21.20,DKK42.40,206,0
dsub 25,GLAMS V3,Standard,Done,Ordered,,,xy2100,,,,,https://dk.farnell.com/multicomp/db25-pd/d-sub-housing-25pos-db-steel/dp/2751521?st=dsub%2025,,,,DKK0.00,207,0
Y axis stepper bracket,SensorGantry,Custom,Done,Recieved,,,,,,,,,DTU,1,,DKK0.00,245,0
Y axis idler plate,SensorGantry,Custom,Done,Recieved,,,,,,,,,DTU,1,,DKK0.00,246,0
X axis top bracket,SensorGantry,Custom,Done,Recieved,,,,,,,,,DTU,1,,DKK0.00,247,0
X axis bottom bracket,SensorGantry,Custom,Done,Recieved,,,,,,,,,DTU,1,,DKK0.00,248,0
X axis idler bracket,SensorGantry,Custom,Done,Recieved,,,,,,,,,DTU,1,,DKK0.00,249,0
Z axis linear rod,SensorGantry,Custom,Done,Recieved,,,,,,,,,DTU,1,DKK37.00,DKK37.00,251,0
Z axis stepper bracket,SensorGantry,Custom,Done,Recieved,,,,,,,,,DTU,1,,DKK0.00,254,0
Sensor bracket,SensorGantry,Custom,Done,Recieved,,,,,,,,,DTU,1,,DKK0.00,255,0
2040 Alu Support,SensorGantry,Standard,Done,Recieved,,,,,850-8482,850-8482,,https://dk.rs-online.com/web/p/products/8508482/,RS components,1,DKK111.00,DKK111.00,233,0
Y axis linear guide,SensorGantry,Standard,Done,Recieved,,,,,SSEBMZ20-520,SSEBMZ20-520,,https://uk.misumi-ec.com/vona2/detail/110300043860/?HissuCode=SSEBMZ20-520&PNSearch=SSEBMZ20-520&KWSearch=SSEBMZ20-520&searchFlow=results2type,Misumi,1,DKK860.00,DKK860.00,234,0
Y axis timing pulley,SensorGantry,Standard,Done,Recieved,,,,,,,,,3Dnielsen,1,DKK163.00,DKK163.00,235,0
Y axis timing idler,SensorGantry,Standard,Done,Recieved,,,,,,,,,3Dnielsen,1,DKK238.00,DKK238.00,236,0
GT2 6mm belt,SensorGantry,Standard,Done,Recieved,,,,,,,,,3Dnielsen,1,DKK80.00,DKK80.00,237,0
Y axis nema 14,SensorGantry,Standard,Done,Recieved,,,,,,,,,OMC,1,,DKK0.00,238,0
2020 X arm,SensorGantry,Standard,Done,Recieved,,,,,187-3273,187-3273,,https://dk.rs-online.com/web/p/slanger-og-profilstivere/1873273,RS components,1,DKK64.00,DKK64.00,239,0
X axis nema 11,SensorGantry,Standard,Done,Recieved,,,,,,,,,OMC,1,,DKK0.00,240,0
x axis timing pulley,SensorGantry,Standard,Done,Recieved,,,,,,,,,RepRapWorld,1,DKK148.00,DKK148.00,241,0
X axis timing idler,SensorGantry,Standard,Done,Recieved,,,,,,,,,3Dnielsen,1,DKK200.00,DKK200.00,242,0
X axis linear guide,SensorGantry,Standard,Done,Recieved,,,,,SSEBLZ10-274,SSEBLZ10-274,,https://uk.misumi-ec.com/vona2/detail/110302586530/?PNSearch=SSEBLZ10-274&HissuCode=SSEBLZ10-274&searchFlow=suggest2products&Keyword=SSEBLZ10-274,Misumi,1,DKK386.00,DKK386.00,244,0
Z axis linear stepper,SensorGantry,Standard,Done,Recieved,,,,,11E13S0754ED-100RS,11E13S0754ED-100RS,,https://www.omc-stepperonline.com/nema-11-external-34mm-stack-0-75a-lead-0-635mm-0-025-length-100mm-11e13s0754ed-100rs,OMC,1,,DKK0.00,250,0
Z axis guide clamp,SensorGantry,Standard,Done,Recieved,,,,,STHCB5,STHCB5,,,Misumi,1,DKK119.00,DKK119.00,252,0
Z axis linear guide,SensorGantry,Standard,Done,Recieved,,,,,LHFC5,LHFC5,,https://uk.misumi-ec.com/vona2/detail/110300027060/?CategorySpec=00000424988%3a%3ab%0900000144089%3a%3aa%0900000004087%3a%3amig00000001997623%2cmig00000002014192,Misumi,1,DKK141.00,DKK141.00,253,0
"19"" Rack plates",Support,Custom,Done,Recieved,Slight modifications,A tiny bit too wide. Corners need rounding and the bend flaps could be shorter so as to not go over 4040 profile sides,"2 sheet metal plates for mounting 19"" rack equipment","Steel,Stainless steel",,,,,DTU,2,,DKK0.00,220,0
Cover plates w/door,Support,Custom,Done,Recieved,Good,,,,,,,,,2,,DKK0.00,265,0
Cover plates,Support,Custom,Done,Recieved,Good,,,,,,,,,2,,DKK0.00,266,0
"19"" rack shelves",Support,Standard,Done,Recieved,Good,"adjustable 19"" rack supports shelves from Conrad",,,,,,,lightpartner,2,,DKK0.00,163,0
Cover hinges,Support,Standard,Done,Recieved,Good,,,,,,,,Misumi,3,,DKK0.00,267,0
Cover latches,Support,Standard,Done,Recieved,Good,,,,,,,,Misumi,3,,DKK0.00,268,0
Cover handles,Support,Standard,Done,Recieved,Good,,,,,,,,Misumi,2,,DKK0.00,269,0
Skeleton,Support,Standard,Done,Recieved,Good,,,,,,,,LinearModul,22,,DKK0.00,271,0
System PC,Support,Standard,Done,Recieved,Good,,,,,,,,DTU,1,"DKK5,000.00","DKK5,000.00",291,0